ticker,dividend_yield,payout_ratio,yield_score,payout_score,total_score
AAPL,0.32,12.04,1,5,6
ABBV,2.6,190.4,3,1,4
AMD,0.0,0.0,0,0,0
AMZN,0.0,0.0,0,0,0
ARM,0.0,0.0,0,0,0
BLK,2.14,52.43,3,5,8
CRM,0.77,15.68,1,5,6
CVX,3.45,67.18,3,3,6
GOOGL,0.26,4.26,1,5,6
HD,3.22,64.8,3,3,6
JNJ,1.97,60.79,1,3,4
JPM,1.96,25.71,1,5,6
KO,2.43,62.46,3,3,6
MAIN,5.77,86.35,5,3,8
MCD,3.3,59.71,3,5,8
META,0.29,7.91,1,5,6
MMM,1.84,53.64,1,5,6
MSFT,0.77,19.83,1,5,6
MSTR,0.0,0.0,0,0,0
MU,0.05,1.12,1,5,6
NEE,3.3,53.47,3,5,8
NET,0.0,0.0,0,0,0
NVDA,0.44,3.54,1,5,6
O,5.89,236.42,5,1,6
PANW,0.0,0.0,0,0,0
PEP,4.61,75.33,5,3,8
PG,2.92,64.33,3,3,6
PLTR,0.0,0.0,0,0,0
SHOP,0.0,0.0,0,0,0
SMCI,0.0,0.0,0,0,0
SNOW,0.0,0.0,0,0,0
SO,3.69,71.81,3,3,6
SPOT,0.0,0.0,0,0,0
T,4.46,36.63,5,5,10
TGT,2.93,47.3,3,5,8
TSLA,0.0,0.0,0,0,0
UBER,0.0,0.0,0,0,0
VZ,6.06,72.79,5,3,8
WMT,0.91,34.96,1,5,6
XOM,2.54,52.51,3,5,8
